vehicle_id,model,city,state,latitude,longitude,fleet_zone,status,software_version,sensor_config,total_mileage_km,total_rides,avg_passenger_rating,safety_score,open_support_tickets,last_incident_type,days_since_last_incident,last_service_date,next_service_date,in_service_since
WM-001,Jaguar I-PACE Gen4,San Francisco,CA,37.7754,-122.4667,SAN-1,ACTIVE,weimo-av-4.3.0,LiDAR-6 + Camera-32 + Radar-8,37256,871,4.65,89.1,1,GNSS_DROPOUT,75,2026-04-20,2026-06-23,2025-05-27
WM-002,Jaguar I-PACE Gen2,Seattle,WA,47.5664,-122.3441,SEATTLE-2,ACTIVE,weimo-av-4.3.1,LiDAR-6 + Camera-32 + Radar-8,8851,3408,4.73,99.0,2,SOFTWARE_BUG,43,2026-05-09,2026-07-08,2024-12-14
WM-003,Jaguar I-PACE Gen3,Los Angeles,CA,34.0068,-118.2709,LOS-3,MAINTENANCE,weimo-av-4.4.0-beta,LiDAR-5 + Camera-29 + Radar-6,78284,811,4.92,94.6,0,SOFTWARE_BUG,10,2026-04-04,2026-07-26,2025-02-23
WM-004,Jaguar I-PACE Gen2,San Francisco,CA,37.8186,-122.4046,SAN-2,GROUNDED,weimo-av-4.4.0-beta,LiDAR-5 + Camera-29 + Radar-6,44434,2157,4.53,95.7,6,COMFORT_COMPLAINT,20,2026-04-27,2026-08-03,2024-04-02
WM-005,Jaguar I-PACE Gen4,Phoenix,AZ,33.4385,-112.1174,PHOENIX-2,MAINTENANCE,weimo-av-4.3.0,LiDAR-5 + Camera-29 + Radar-6,68589,1854,4.11,97.5,2,PERCEPTION_MISS,87,2026-05-03,2026-06-26,2024-05-15
WM-006,Jaguar I-PACE Gen4,Los Angeles,CA,34.092,-118.2538,LOS-3,ACTIVE,weimo-av-4.4.0-beta,LiDAR-6 + Camera-32 + Radar-8,92259,2179,3.96,96.6,3,LIDAR_DESYNC,31,2026-03-10,2026-08-29,2025-05-06
WM-007,Jaguar I-PACE Gen3,Phoenix,AZ,33.4513,-112.0269,PHOENIX-4,MAINTENANCE,weimo-av-4.2.1,LiDAR-5 + Camera-29 + Radar-6,22371,926,4.52,94.9,3,SOFTWARE_BUG,76,2026-06-05,2026-08-07,2025-12-05
WM-008,Jaguar I-PACE Gen4,San Francisco,CA,37.812,-122.4396,SAN-2,INSPECTION,weimo-av-4.3.1,LiDAR-6 + Camera-32 + Radar-8,22621,1502,4.3,93.8,0,NONE,,2026-06-13,2026-07-22,2024-03-02
WM-009,Jaguar I-PACE Gen2,Seattle,WA,47.6441,-122.2989,SEATTLE-1,MAINTENANCE,weimo-av-4.3.1,LiDAR-5 + Camera-29 + Radar-6,29174,2509,4.9,89.3,2,AEB_FALSE_TRIGGER,76,2026-05-03,2026-08-20,2025-02-05
WM-010,Jaguar I-PACE Gen2,Phoenix,AZ,33.4149,-112.0712,PHOENIX-2,ACTIVE,weimo-av-4.2.1,LiDAR-4 + Camera-24 + Radar-4,19226,3297,4.36,95.6,4,GNSS_DROPOUT,68,2026-03-07,2026-07-05,2024-04-04
WM-011,Jaguar I-PACE Gen4,Austin,TX,30.2236,-97.791,AUSTIN-4,ACTIVE,weimo-av-4.3.0,LiDAR-4 + Camera-24 + Radar-4,48857,1934,4.94,89.4,1,COMFORT_COMPLAINT,56,2026-02-18,2026-08-24,2024-05-28
WM-012,Jaguar I-PACE Gen2,Phoenix,AZ,33.4198,-112.1108,PHOENIX-2,MAINTENANCE,weimo-av-4.2.1,LiDAR-5 + Camera-29 + Radar-6,90719,541,4.06,91.2,3,AEB_FALSE_TRIGGER,42,2026-06-04,2026-08-23,2024-05-11
WM-013,Jaguar I-PACE Gen2,Seattle,WA,47.6235,-122.2837,SEATTLE-4,ACTIVE,weimo-av-4.4.0-beta,LiDAR-6 + Camera-32 + Radar-8,32957,686,3.91,97.9,0,SOFTWARE_BUG,45,2026-04-20,2026-08-10,2025-09-07
WM-014,Jaguar I-PACE Gen4,San Francisco,CA,37.8123,-122.4619,SAN-2,ACTIVE,weimo-av-4.2.1,LiDAR-6 + Camera-32 + Radar-8,40591,1084,4.02,91.2,1,NONE,,2026-05-27,2026-08-12,2024-06-01
WM-015,Jaguar I-PACE Gen4,San Francisco,CA,37.8151,-122.4529,SAN-4,ACTIVE,weimo-av-4.2.1,LiDAR-4 + Camera-24 + Radar-4,20224,4094,4.67,90.5,3,PERCEPTION_MISS,21,2026-04-22,2026-08-20,2025-12-14
WM-016,Jaguar I-PACE Gen3,Austin,TX,30.2233,-97.7617,AUSTIN-1,ACTIVE,weimo-av-4.4.0-beta,LiDAR-6 + Camera-32 + Radar-8,80845,3011,4.63,94.7,4,LIDAR_DESYNC,24,2026-05-07,2026-07-16,2025-10-26
WM-017,Jaguar I-PACE Gen4,Seattle,WA,47.5808,-122.3226,SEATTLE-2,ACTIVE,weimo-av-4.3.0,LiDAR-4 + Camera-24 + Radar-4,15455,2380,3.89,92.6,4,LIDAR_DESYNC,8,2026-03-29,2026-06-27,2024-03-22
WM-018,Jaguar I-PACE Gen4,San Francisco,CA,37.7706,-122.3765,SAN-2,ACTIVE,weimo-av-4.3.1,LiDAR-4 + Camera-24 + Radar-4,42179,1136,4.57,95.7,2,COMFORT_COMPLAINT,30,2026-05-11,2026-08-08,2025-10-03
WM-019,Jaguar I-PACE Gen4,San Francisco,CA,37.7534,-122.4256,SAN-1,ACTIVE,weimo-av-4.2.1,LiDAR-4 + Camera-24 + Radar-4,17602,2502,4.05,98.1,2,ROUTE_DEVIATION,16,2026-02-14,2026-08-02,2024-06-08
WM-020,Jaguar I-PACE Gen4,Los Angeles,CA,34.0294,-118.2332,LOS-1,MAINTENANCE,weimo-av-4.2.1,LiDAR-4 + Camera-24 + Radar-4,80692,1526,4.87,96.5,1,GNSS_DROPOUT,17,2026-05-11,2026-07-03,2024-12-30
WM-021,Jaguar I-PACE Gen4,Phoenix,AZ,33.4755,-112.0603,PHOENIX-3,INSPECTION,weimo-av-4.4.0-beta,LiDAR-6 + Camera-32 + Radar-8,40914,4008,4.84,88.5,2,AEB_FALSE_TRIGGER,11,2026-03-24,2026-08-12,2025-03-23
WM-022,Jaguar I-PACE Gen3,Phoenix,AZ,33.4292,-112.0341,PHOENIX-2,INSPECTION,weimo-av-4.4.0-beta,LiDAR-4 + Camera-24 + Radar-4,81519,339,3.93,92.9,0,LIDAR_DESYNC,69,2026-06-09,2026-08-05,2025-11-06
WM-023,Jaguar I-PACE Gen4,Los Angeles,CA,34.0903,-118.2912,LOS-2,ACTIVE,weimo-av-4.2.1,LiDAR-5 + Camera-29 + Radar-6,54357,3495,4.44,97.9,1,SOFTWARE_BUG,79,2026-03-10,2026-07-08,2025-01-10
WM-024,Jaguar I-PACE Gen4,Austin,TX,30.2522,-97.711,AUSTIN-4,GROUNDED,weimo-av-4.3.0,LiDAR-4 + Camera-24 + Radar-4,42970,952,4.71,90.6,4,GNSS_DROPOUT,48,2026-02-22,2026-06-23,2025-04-27
WM-025,Jaguar I-PACE Gen4,Phoenix,AZ,33.4315,-112.1212,PHOENIX-4,ACTIVE,weimo-av-4.4.0-beta,LiDAR-5 + Camera-29 + Radar-6,51025,1441,4.79,95.8,4,ROUTE_DEVIATION,44,2026-03-23,2026-08-23,2025-03-24
WM-026,Jaguar I-PACE Gen3,Phoenix,AZ,33.4174,-112.1196,PHOENIX-1,MAINTENANCE,weimo-av-4.2.1,LiDAR-5 + Camera-29 + Radar-6,86193,2079,4.2,92.4,4,COMFORT_COMPLAINT,55,2026-03-28,2026-08-23,2024-09-26
WM-027,Jaguar I-PACE Gen4,San Francisco,CA,37.7756,-122.4027,SAN-1,MAINTENANCE,weimo-av-4.3.0,LiDAR-4 + Camera-24 + Radar-4,55739,2066,3.88,96.3,2,COMFORT_COMPLAINT,79,2026-05-04,2026-09-11,2025-01-16
WM-028,Jaguar I-PACE Gen3,Austin,TX,30.2476,-97.7721,AUSTIN-3,INSPECTION,weimo-av-4.3.0,LiDAR-4 + Camera-24 + Radar-4,33144,2022,4.56,92.7,0,SOFTWARE_BUG,86,2026-03-10,2026-07-11,2024-05-02
WM-029,Jaguar I-PACE Gen3,Seattle,WA,47.5897,-122.3003,SEATTLE-1,INSPECTION,weimo-av-4.4.0-beta,LiDAR-6 + Camera-32 + Radar-8,65954,3067,4.05,91.3,4,NONE,,2026-03-04,2026-07-10,2025-04-20
WM-030,Jaguar I-PACE Gen2,Los Angeles,CA,34.0516,-118.2693,LOS-2,ACTIVE,weimo-av-4.2.1,LiDAR-5 + Camera-29 + Radar-6,14057,1302,4.93,96.3,3,GNSS_DROPOUT,58,2026-04-21,2026-09-07,2024-02-14
WM-031,Jaguar I-PACE Gen2,San Francisco,CA,37.7705,-122.3893,SAN-2,GROUNDED,weimo-av-4.3.0,LiDAR-6 + Camera-32 + Radar-8,31053,3593,4.9,98.6,1,NONE,,2026-06-07,2026-08-29,2024-02-02
WM-032,Jaguar I-PACE Gen4,Seattle,WA,47.6402,-122.3544,SEATTLE-4,MAINTENANCE,weimo-av-4.4.0-beta,LiDAR-6 + Camera-32 + Radar-8,88301,3638,4.63,93.2,1,SOFTWARE_BUG,70,2026-04-17,2026-07-09,2024-07-01
WM-033,Jaguar I-PACE Gen2,Austin,TX,30.2555,-97.7778,AUSTIN-1,INSPECTION,weimo-av-4.4.0-beta,LiDAR-6 + Camera-32 + Radar-8,18155,3222,4.13,89.6,1,ROUTE_DEVIATION,42,2026-05-04,2026-08-27,2025-05-11
WM-034,Jaguar I-PACE Gen3,San Francisco,CA,37.7629,-122.4688,SAN-1,ACTIVE,weimo-av-4.4.0-beta,LiDAR-6 + Camera-32 + Radar-8,62496,555,4.04,97.9,4,SOFTWARE_BUG,49,2026-02-18,2026-09-01,2024-12-21
WM-035,Jaguar I-PACE Gen3,Los Angeles,CA,34.0746,-118.2096,LOS-3,GROUNDED,weimo-av-4.3.0,LiDAR-6 + Camera-32 + Radar-8,71993,1198,4.11,95.7,4,NONE,,2026-06-10,2026-08-07,2025-08-08
WM-036,Jaguar I-PACE Gen2,Seattle,WA,47.6017,-122.3483,SEATTLE-3,MAINTENANCE,weimo-av-4.2.1,LiDAR-6 + Camera-32 + Radar-8,19003,2932,4.29,92.4,1,NONE,,2026-05-21,2026-06-25,2024-11-23
WM-037,Jaguar I-PACE Gen3,Los Angeles,CA,34.0062,-118.2906,LOS-1,GROUNDED,weimo-av-4.2.1,LiDAR-6 + Camera-32 + Radar-8,69644,379,4.66,97.0,6,AEB_FALSE_TRIGGER,44,2026-05-16,2026-09-10,2025-04-07
WM-038,Jaguar I-PACE Gen2,Phoenix,AZ,33.459,-112.0276,PHOENIX-3,GROUNDED,weimo-av-4.3.0,LiDAR-4 + Camera-24 + Radar-4,39266,817,4.34,96.8,2,GNSS_DROPOUT,72,2026-05-17,2026-08-17,2025-08-21
WM-039,Jaguar I-PACE Gen2,Phoenix,AZ,33.4086,-112.0468,PHOENIX-1,ACTIVE,weimo-av-4.2.1,LiDAR-4 + Camera-24 + Radar-4,48888,2658,4.58,94.8,1,SOFTWARE_BUG,50,2026-03-14,2026-07-14,2024-01-16
WM-040,Jaguar I-PACE Gen2,Seattle,WA,47.6384,-122.3715,SEATTLE-3,GROUNDED,weimo-av-4.2.1,LiDAR-4 + Camera-24 + Radar-4,53508,2482,4.29,88.1,4,COMFORT_COMPLAINT,8,2026-04-10,2026-09-09,2024-12-11
WM-041,Jaguar I-PACE Gen2,Austin,TX,30.3003,-97.7844,AUSTIN-3,INSPECTION,weimo-av-4.3.0,LiDAR-6 + Camera-32 + Radar-8,76386,2964,4.11,91.7,1,NONE,,2026-04-15,2026-08-13,2024-09-11
WM-042,Jaguar I-PACE Gen3,Phoenix,AZ,33.4264,-112.0644,PHOENIX-3,GROUNDED,weimo-av-4.4.0-beta,LiDAR-4 + Camera-24 + Radar-4,52092,417,4.37,97.2,3,COMFORT_COMPLAINT,23,2026-04-12,2026-07-16,2025-03-09
WM-043,Jaguar I-PACE Gen4,Seattle,WA,47.5655,-122.3599,SEATTLE-4,ACTIVE,weimo-av-4.2.1,LiDAR-5 + Camera-29 + Radar-6,39635,3249,4.27,93.2,0,PERCEPTION_MISS,88,2026-04-14,2026-09-09,2024-01-08
WM-044,Jaguar I-PACE Gen4,Phoenix,AZ,33.4215,-112.0519,PHOENIX-4,ACTIVE,weimo-av-4.3.1,LiDAR-4 + Camera-24 + Radar-4,70031,2567,4.41,91.1,2,SOFTWARE_BUG,70,2026-05-02,2026-08-03,2025-01-27
WM-045,Jaguar I-PACE Gen4,San Francisco,CA,37.7545,-122.4333,SAN-3,INSPECTION,weimo-av-4.3.0,LiDAR-4 + Camera-24 + Radar-4,33105,1186,4.65,99.3,1,ROUTE_DEVIATION,75,2026-03-08,2026-08-25,2025-02-10
WM-046,Jaguar I-PACE Gen4,San Francisco,CA,37.7533,-122.4215,SAN-1,INSPECTION,weimo-av-4.3.1,LiDAR-5 + Camera-29 + Radar-6,13965,523,4.44,98.0,4,LIDAR_DESYNC,81,2026-02-22,2026-08-20,2025-01-02
WM-047,Jaguar I-PACE Gen3,Phoenix,AZ,33.4102,-112.0476,PHOENIX-3,ACTIVE,weimo-av-4.2.1,LiDAR-6 + Camera-32 + Radar-8,16564,1941,4.37,89.0,1,AEB_FALSE_TRIGGER,19,2026-05-25,2026-08-30,2024-04-05
WM-048,Jaguar I-PACE Gen4,Seattle,WA,47.5661,-122.3058,SEATTLE-1,GROUNDED,weimo-av-4.4.0-beta,LiDAR-5 + Camera-29 + Radar-6,67049,4021,4.31,95.0,6,SOFTWARE_BUG,39,2026-04-02,2026-09-06,2024-03-16
WM-049,Jaguar I-PACE Gen4,Phoenix,AZ,33.4272,-112.0957,PHOENIX-4,ACTIVE,weimo-av-4.3.0,LiDAR-5 + Camera-29 + Radar-6,39439,1011,4.43,91.3,1,LIDAR_DESYNC,0,2026-04-22,2026-08-15,2024-09-08
WM-050,Jaguar I-PACE Gen2,San Francisco,CA,37.7844,-122.387,SAN-1,INSPECTION,weimo-av-4.3.0,LiDAR-6 + Camera-32 + Radar-8,63723,770,4.43,88.7,2,LIDAR_DESYNC,34,2026-02-28,2026-07-07,2025-02-24
WM-051,Jaguar I-PACE Gen3,Austin,TX,30.2776,-97.7905,AUSTIN-1,ACTIVE,weimo-av-4.3.1,LiDAR-4 + Camera-24 + Radar-4,60757,4161,4.11,98.2,2,NONE,,2026-04-18,2026-06-29,2025-04-26
WM-052,Jaguar I-PACE Gen2,Seattle,WA,47.6559,-122.3385,SEATTLE-4,MAINTENANCE,weimo-av-4.3.1,LiDAR-4 + Camera-24 + Radar-4,83529,464,4.68,98.5,1,LIDAR_DESYNC,60,2026-04-08,2026-09-10,2024-07-31
WM-053,Jaguar I-PACE Gen3,San Francisco,CA,37.8063,-122.4144,SAN-3,ACTIVE,weimo-av-4.3.1,LiDAR-6 + Camera-32 + Radar-8,50081,3044,3.92,95.6,3,LIDAR_DESYNC,42,2026-04-22,2026-08-21,2024-09-07
WM-054,Jaguar I-PACE Gen3,San Francisco,CA,37.7767,-122.4071,SAN-4,ACTIVE,weimo-av-4.2.1,LiDAR-6 + Camera-32 + Radar-8,60976,3842,4.39,92.8,1,AEB_FALSE_TRIGGER,84,2026-02-22,2026-08-27,2024-07-24
WM-055,Jaguar I-PACE Gen2,Austin,TX,30.2781,-97.7692,AUSTIN-1,GROUNDED,weimo-av-4.3.1,LiDAR-5 + Camera-29 + Radar-6,79987,836,4.87,88.3,6,NONE,,2026-02-21,2026-08-20,2025-07-07
WM-056,Jaguar I-PACE Gen2,Los Angeles,CA,34.0531,-118.2664,LOS-2,MAINTENANCE,weimo-av-4.4.0-beta,LiDAR-4 + Camera-24 + Radar-4,20217,1220,4.94,93.7,2,GNSS_DROPOUT,59,2026-05-29,2026-09-09,2024-08-09
WM-057,Jaguar I-PACE Gen3,Austin,TX,30.2439,-97.7928,AUSTIN-3,ACTIVE,weimo-av-4.3.0,LiDAR-4 + Camera-24 + Radar-4,58277,1080,4.86,98.7,4,LIDAR_DESYNC,8,2026-05-09,2026-08-11,2025-02-14
WM-058,Jaguar I-PACE Gen4,Seattle,WA,47.6432,-122.284,SEATTLE-4,MAINTENANCE,weimo-av-4.3.0,LiDAR-6 + Camera-32 + Radar-8,66529,2506,4.36,93.2,2,COMFORT_COMPLAINT,70,2026-03-08,2026-08-27,2025-04-16
WM-059,Jaguar I-PACE Gen2,Seattle,WA,47.5688,-122.2856,SEATTLE-2,ACTIVE,weimo-av-4.2.1,LiDAR-6 + Camera-32 + Radar-8,49704,3350,4.34,93.7,0,SOFTWARE_BUG,49,2026-03-21,2026-09-10,2025-01-11
WM-060,Jaguar I-PACE Gen3,San Francisco,CA,37.7899,-122.3842,SAN-3,GROUNDED,weimo-av-4.4.0-beta,LiDAR-5 + Camera-29 + Radar-6,10011,3259,3.97,95.2,4,LIDAR_DESYNC,9,2026-04-14,2026-07-22,2024-01-26
WM-061,Jaguar I-PACE Gen3,Seattle,WA,47.654,-122.3061,SEATTLE-2,ACTIVE,weimo-av-4.4.0-beta,LiDAR-4 + Camera-24 + Radar-4,78912,447,4.51,96.6,3,PERCEPTION_MISS,80,2026-03-18,2026-07-25,2023-12-27
WM-062,Jaguar I-PACE Gen2,San Francisco,CA,37.7661,-122.4012,SAN-4,ACTIVE,weimo-av-4.3.1,LiDAR-4 + Camera-24 + Radar-4,11794,488,4.17,89.7,4,AEB_FALSE_TRIGGER,37,2026-04-29,2026-08-05,2025-06-15
WM-063,Jaguar I-PACE Gen2,Phoenix,AZ,33.4883,-112.0775,PHOENIX-3,ACTIVE,weimo-av-4.4.0-beta,LiDAR-4 + Camera-24 + Radar-4,89226,3098,4.08,93.3,0,LIDAR_DESYNC,29,2026-04-15,2026-09-08,2025-02-25
WM-064,Jaguar I-PACE Gen2,Seattle,WA,47.6415,-122.3714,SEATTLE-3,ACTIVE,weimo-av-4.3.1,LiDAR-6 + Camera-32 + Radar-8,85014,1525,4.53,90.3,3,SOFTWARE_BUG,88,2026-05-12,2026-08-16,2024-11-21
WM-065,Jaguar I-PACE Gen4,Seattle,WA,47.6338,-122.3591,SEATTLE-4,ACTIVE,weimo-av-4.3.1,LiDAR-6 + Camera-32 + Radar-8,10875,3699,4.56,97.6,2,ROUTE_DEVIATION,1,2026-04-02,2026-06-25,2024-12-21
WM-066,Jaguar I-PACE Gen2,Phoenix,AZ,33.4564,-112.0508,PHOENIX-3,INSPECTION,weimo-av-4.3.1,LiDAR-4 + Camera-24 + Radar-4,94400,3088,4.76,97.1,0,GNSS_DROPOUT,80,2026-03-23,2026-06-24,2025-09-15
WM-067,Jaguar I-PACE Gen4,Los Angeles,CA,34.0989,-118.2642,LOS-2,ACTIVE,weimo-av-4.3.0,LiDAR-6 + Camera-32 + Radar-8,34318,841,4.7,91.0,3,COMFORT_COMPLAINT,67,2026-04-10,2026-07-23,2025-01-04
WM-068,Jaguar I-PACE Gen2,San Francisco,CA,37.7704,-122.4021,SAN-1,ACTIVE,weimo-av-4.3.0,LiDAR-5 + Camera-29 + Radar-6,60089,3764,4.73,91.0,0,COMFORT_COMPLAINT,11,2026-03-04,2026-08-08,2024-01-28
WM-069,Jaguar I-PACE Gen3,Los Angeles,CA,34.067,-118.2302,LOS-3,MAINTENANCE,weimo-av-4.3.1,LiDAR-4 + Camera-24 + Radar-4,22201,3064,4.07,98.5,1,AEB_FALSE_TRIGGER,79,2026-02-20,2026-08-29,2024-08-28
WM-070,Jaguar I-PACE Gen3,Los Angeles,CA,34.0411,-118.2566,LOS-2,INSPECTION,weimo-av-4.3.0,LiDAR-5 + Camera-29 + Radar-6,13943,4175,3.84,98.2,1,NONE,,2026-05-30,2026-07-01,2024-01-03
WM-071,Jaguar I-PACE Gen4,Seattle,WA,47.5779,-122.3376,SEATTLE-3,ACTIVE,weimo-av-4.3.0,LiDAR-4 + Camera-24 + Radar-4,62379,2982,3.91,88.4,2,NONE,,2026-03-27,2026-08-10,2025-04-19
WM-072,Jaguar I-PACE Gen4,Los Angeles,CA,34.0993,-118.2886,LOS-2,ACTIVE,weimo-av-4.3.1,LiDAR-6 + Camera-32 + Radar-8,15936,1930,4.12,95.4,4,GNSS_DROPOUT,58,2026-06-02,2026-09-11,2025-01-09
WM-073,Jaguar I-PACE Gen4,Phoenix,AZ,33.4972,-112.07,PHOENIX-1,ACTIVE,weimo-av-4.2.1,LiDAR-5 + Camera-29 + Radar-6,80641,1148,4.47,91.2,1,PERCEPTION_MISS,42,2026-03-06,2026-07-07,2025-06-21
WM-074,Jaguar I-PACE Gen2,San Francisco,CA,37.7775,-122.3948,SAN-1,INSPECTION,weimo-av-4.2.1,LiDAR-5 + Camera-29 + Radar-6,54955,3535,4.71,89.5,3,COMFORT_COMPLAINT,2,2026-05-22,2026-07-22,2024-08-16
WM-075,Jaguar I-PACE Gen3,Austin,TX,30.2233,-97.7452,AUSTIN-4,GROUNDED,weimo-av-4.2.1,LiDAR-4 + Camera-24 + Radar-4,67245,2363,4.05,95.4,1,AEB_FALSE_TRIGGER,84,2026-04-08,2026-07-27,2024-10-31
WM-076,Jaguar I-PACE Gen2,Austin,TX,30.2703,-97.7477,AUSTIN-3,INSPECTION,weimo-av-4.4.0-beta,LiDAR-6 + Camera-32 + Radar-8,17632,3983,3.89,92.4,4,LIDAR_DESYNC,8,2026-05-28,2026-07-24,2024-04-06
WM-077,Jaguar I-PACE Gen4,Austin,TX,30.2485,-97.7618,AUSTIN-4,ACTIVE,weimo-av-4.3.0,LiDAR-5 + Camera-29 + Radar-6,64370,2149,4.82,92.8,0,SOFTWARE_BUG,43,2026-02-28,2026-08-16,2025-03-30
WM-078,Jaguar I-PACE Gen4,Los Angeles,CA,34.0979,-118.2375,LOS-2,ACTIVE,weimo-av-4.2.1,LiDAR-6 + Camera-32 + Radar-8,19957,3706,3.9,94.4,4,SOFTWARE_BUG,12,2026-03-10,2026-08-05,2024-01-30
WM-079,Jaguar I-PACE Gen3,San Francisco,CA,37.7473,-122.4586,SAN-2,ACTIVE,weimo-av-4.4.0-beta,LiDAR-4 + Camera-24 + Radar-4,14743,1478,4.49,89.8,3,COMFORT_COMPLAINT,13,2026-04-01,2026-08-22,2024-05-26
WM-080,Jaguar I-PACE Gen3,Los Angeles,CA,34.0725,-118.2628,LOS-3,ACTIVE,weimo-av-4.3.0,LiDAR-4 + Camera-24 + Radar-4,64244,3761,4.45,88.3,2,AEB_FALSE_TRIGGER,77,2026-02-15,2026-09-11,2025-01-03
WM-081,Jaguar I-PACE Gen2,Los Angeles,CA,34.0363,-118.2567,LOS-2,ACTIVE,weimo-av-4.4.0-beta,LiDAR-5 + Camera-29 + Radar-6,17120,881,4.65,92.3,3,AEB_FALSE_TRIGGER,11,2026-03-10,2026-08-25,2025-01-18
WM-082,Jaguar I-PACE Gen2,Seattle,WA,47.5976,-122.3605,SEATTLE-4,MAINTENANCE,weimo-av-4.3.0,LiDAR-5 + Camera-29 + Radar-6,28632,3390,4.51,93.6,3,GNSS_DROPOUT,34,2026-04-18,2026-09-11,2024-07-10
WM-083,Jaguar I-PACE Gen3,San Francisco,CA,37.8194,-122.3927,SAN-1,ACTIVE,weimo-av-4.3.1,LiDAR-5 + Camera-29 + Radar-6,85743,2293,4.41,88.1,2,ROUTE_DEVIATION,5,2026-05-16,2026-08-08,2025-03-30
WM-084,Jaguar I-PACE Gen2,Los Angeles,CA,34.0458,-118.2477,LOS-3,ACTIVE,weimo-av-4.4.0-beta,LiDAR-5 + Camera-29 + Radar-6,64446,1019,3.95,88.8,0,PERCEPTION_MISS,64,2026-04-03,2026-09-12,2025-09-28
WM-085,Jaguar I-PACE Gen3,Los Angeles,CA,34.011,-118.2093,LOS-4,MAINTENANCE,weimo-av-4.4.0-beta,LiDAR-4 + Camera-24 + Radar-4,91904,2010,4.13,97.6,2,SOFTWARE_BUG,2,2026-05-03,2026-07-10,2025-04-11
WM-086,Jaguar I-PACE Gen3,Austin,TX,30.2703,-97.7737,AUSTIN-1,MAINTENANCE,weimo-av-4.2.1,LiDAR-4 + Camera-24 + Radar-4,59873,3865,4.16,93.9,0,COMFORT_COMPLAINT,28,2026-05-02,2026-07-10,2024-12-24
WM-087,Jaguar I-PACE Gen4,Los Angeles,CA,34.0486,-118.2373,LOS-1,INSPECTION,weimo-av-4.3.0,LiDAR-5 + Camera-29 + Radar-6,21474,899,4.09,90.0,3,LIDAR_DESYNC,77,2026-05-25,2026-09-10,2024-05-02
WM-088,Jaguar I-PACE Gen4,Austin,TX,30.2228,-97.7424,AUSTIN-3,INSPECTION,weimo-av-4.3.1,LiDAR-4 + Camera-24 + Radar-4,90210,1594,3.97,97.2,4,GNSS_DROPOUT,60,2026-04-18,2026-09-07,2025-02-02
WM-089,Jaguar I-PACE Gen2,Austin,TX,30.3126,-97.7192,AUSTIN-4,ACTIVE,weimo-av-4.3.1,LiDAR-5 + Camera-29 + Radar-6,45627,614,4.54,93.3,4,GNSS_DROPOUT,78,2026-03-29,2026-08-22,2025-11-04
WM-090,Jaguar I-PACE Gen4,Austin,TX,30.2677,-97.7758,AUSTIN-3,GROUNDED,weimo-av-4.3.0,LiDAR-4 + Camera-24 + Radar-4,50143,2778,4.35,99.3,1,LIDAR_DESYNC,7,2026-04-17,2026-07-02,2025-04-07
WM-091,Jaguar I-PACE Gen4,Austin,TX,30.2238,-97.7836,AUSTIN-1,ACTIVE,weimo-av-4.3.0,LiDAR-4 + Camera-24 + Radar-4,55696,1827,4.86,97.1,2,SOFTWARE_BUG,52,2026-03-06,2026-08-01,2024-01-22
WM-092,Jaguar I-PACE Gen3,Austin,TX,30.2482,-97.7554,AUSTIN-4,ACTIVE,weimo-av-4.3.0,LiDAR-4 + Camera-24 + Radar-4,51694,633,4.47,89.5,0,LIDAR_DESYNC,44,2026-05-05,2026-09-10,2025-01-14
WM-093,Jaguar I-PACE Gen4,Phoenix,AZ,33.4932,-112.0754,PHOENIX-2,INSPECTION,weimo-av-4.2.1,LiDAR-4 + Camera-24 + Radar-4,92675,3046,4.29,98.9,2,COMFORT_COMPLAINT,2,2026-04-28,2026-07-28,2025-04-29
WM-094,Jaguar I-PACE Gen2,Phoenix,AZ,33.4146,-112.0409,PHOENIX-2,ACTIVE,weimo-av-4.2.1,LiDAR-6 + Camera-32 + Radar-8,74543,3457,4.42,94.9,1,AEB_FALSE_TRIGGER,84,2026-05-01,2026-09-06,2024-03-17
WM-095,Jaguar I-PACE Gen3,Phoenix,AZ,33.4293,-112.0431,PHOENIX-4,INSPECTION,weimo-av-4.4.0-beta,LiDAR-5 + Camera-29 + Radar-6,55749,3070,4.63,90.7,1,NONE,,2026-03-27,2026-07-25,2024-08-23
WM-096,Jaguar I-PACE Gen4,Phoenix,AZ,33.4122,-112.099,PHOENIX-2,ACTIVE,weimo-av-4.4.0-beta,LiDAR-4 + Camera-24 + Radar-4,68513,3451,4.12,97.4,4,SOFTWARE_BUG,64,2026-04-07,2026-08-11,2024-02-29
WM-097,Jaguar I-PACE Gen3,Austin,TX,30.3118,-97.7709,AUSTIN-2,GROUNDED,weimo-av-4.2.1,LiDAR-4 + Camera-24 + Radar-4,75621,3786,3.94,97.6,1,GNSS_DROPOUT,20,2026-05-10,2026-08-15,2024-09-11
WM-098,Jaguar I-PACE Gen3,Los Angeles,CA,34.0813,-118.2799,LOS-3,ACTIVE,weimo-av-4.4.0-beta,LiDAR-5 + Camera-29 + Radar-6,73799,1831,4.07,98.7,2,GNSS_DROPOUT,47,2026-05-16,2026-06-22,2025-02-26
WM-099,Jaguar I-PACE Gen2,Austin,TX,30.27,-97.782,AUSTIN-2,INSPECTION,weimo-av-4.4.0-beta,LiDAR-4 + Camera-24 + Radar-4,66799,2820,3.81,94.3,4,GNSS_DROPOUT,2,2026-05-12,2026-07-16,2025-02-24
WM-100,Jaguar I-PACE Gen2,Phoenix,AZ,33.4616,-112.0665,PHOENIX-4,ACTIVE,weimo-av-4.3.0,LiDAR-5 + Camera-29 + Radar-6,63027,2917,4.71,94.9,0,NONE,,2026-06-05,2026-07-03,2025-07-22
WM-101,Jaguar I-PACE Gen2,Los Angeles,CA,34.0066,-118.255,LOS-1,ACTIVE,weimo-av-4.3.1,LiDAR-4 + Camera-24 + Radar-4,39531,2637,4.28,92.5,3,GNSS_DROPOUT,67,2026-04-28,2026-06-27,2024-11-29
WM-102,Jaguar I-PACE Gen2,Los Angeles,CA,34.0361,-118.2294,LOS-2,INSPECTION,weimo-av-4.2.1,LiDAR-6 + Camera-32 + Radar-8,53193,1287,4.64,88.5,4,GNSS_DROPOUT,74,2026-03-11,2026-07-31,2024-01-15
WM-103,Jaguar I-PACE Gen3,Austin,TX,30.3058,-97.7615,AUSTIN-2,INSPECTION,weimo-av-4.3.0,LiDAR-4 + Camera-24 + Radar-4,25675,558,4.62,88.5,1,NONE,,2026-06-09,2026-07-26,2025-02-02
WM-104,Jaguar I-PACE Gen4,Seattle,WA,47.5999,-122.3421,SEATTLE-3,ACTIVE,weimo-av-4.3.1,LiDAR-6 + Camera-32 + Radar-8,12799,3385,4.54,91.1,2,ROUTE_DEVIATION,45,2026-02-23,2026-06-25,2024-09-22
WM-105,Jaguar I-PACE Gen2,Austin,TX,30.2717,-97.761,AUSTIN-1,ACTIVE,weimo-av-4.4.0-beta,LiDAR-6 + Camera-32 + Radar-8,56148,4085,4.72,93.0,1,ROUTE_DEVIATION,10,2026-03-12,2026-08-12,2025-09-26
WM-106,Jaguar I-PACE Gen3,Los Angeles,CA,34.0637,-118.2502,LOS-1,INSPECTION,weimo-av-4.4.0-beta,LiDAR-6 + Camera-32 + Radar-8,86986,3239,4.29,96.4,2,NONE,,2026-04-30,2026-08-15,2024-03-02
WM-107,Jaguar I-PACE Gen4,San Francisco,CA,37.7485,-122.4049,SAN-4,ACTIVE,weimo-av-4.4.0-beta,LiDAR-4 + Camera-24 + Radar-4,55619,2401,4.72,88.4,0,LIDAR_DESYNC,3,2026-05-26,2026-09-04,2024-12-11
WM-108,Jaguar I-PACE Gen2,Austin,TX,30.2486,-97.7652,AUSTIN-2,MAINTENANCE,weimo-av-4.3.0,LiDAR-4 + Camera-24 + Radar-4,66972,4186,4.23,94.1,3,NONE,,2026-03-08,2026-06-28,2025-08-22
WM-109,Jaguar I-PACE Gen2,San Francisco,CA,37.7449,-122.4558,SAN-3,INSPECTION,weimo-av-4.4.0-beta,LiDAR-6 + Camera-32 + Radar-8,81619,782,4.1,96.0,3,ROUTE_DEVIATION,90,2026-04-17,2026-07-16,2025-10-02
WM-110,Jaguar I-PACE Gen4,Austin,TX,30.2966,-97.7422,AUSTIN-3,ACTIVE,weimo-av-4.2.1,LiDAR-6 + Camera-32 + Radar-8,49889,3035,4.2,97.8,1,GNSS_DROPOUT,70,2026-04-05,2026-07-26,2025-08-14
WM-111,Jaguar I-PACE Gen2,Phoenix,AZ,33.405,-112.0842,PHOENIX-2,GROUNDED,weimo-av-4.4.0-beta,LiDAR-5 + Camera-29 + Radar-6,11445,1778,4.44,95.0,1,COMFORT_COMPLAINT,59,2026-03-03,2026-08-28,2024-08-13
WM-112,Jaguar I-PACE Gen3,Seattle,WA,47.6202,-122.3639,SEATTLE-3,ACTIVE,weimo-av-4.2.1,LiDAR-4 + Camera-24 + Radar-4,24426,1598,4.54,89.5,4,NONE,,2026-04-15,2026-08-24,2025-08-06
WM-113,Jaguar I-PACE Gen2,Austin,TX,30.2446,-97.7306,AUSTIN-1,MAINTENANCE,weimo-av-4.3.0,LiDAR-5 + Camera-29 + Radar-6,47862,974,3.99,90.9,4,PERCEPTION_MISS,44,2026-04-08,2026-07-25,2024-03-27
WM-114,Jaguar I-PACE Gen4,Seattle,WA,47.5603,-122.2957,SEATTLE-3,ACTIVE,weimo-av-4.3.0,LiDAR-4 + Camera-24 + Radar-4,85569,4156,4.47,97.7,4,LIDAR_DESYNC,84,2026-03-26,2026-09-04,2025-09-24
WM-115,Jaguar I-PACE Gen4,San Francisco,CA,37.7732,-122.3889,SAN-3,INSPECTION,weimo-av-4.3.0,LiDAR-6 + Camera-32 + Radar-8,82991,2006,4.51,95.4,2,AEB_FALSE_TRIGGER,63,2026-02-20,2026-09-07,2024-01-15
WM-116,Jaguar I-PACE Gen3,Austin,TX,30.2906,-97.707,AUSTIN-2,ACTIVE,weimo-av-4.2.1,LiDAR-5 + Camera-29 + Radar-6,28719,2100,4.28,91.6,2,NONE,,2026-05-18,2026-08-01,2024-11-03
WM-117,Jaguar I-PACE Gen3,Phoenix,AZ,33.4848,-112.0822,PHOENIX-1,GROUNDED,weimo-av-4.2.1,LiDAR-4 + Camera-24 + Radar-4,49827,1290,4.34,88.6,4,ROUTE_DEVIATION,57,2026-05-13,2026-07-07,2025-07-06
WM-118,Jaguar I-PACE Gen4,Los Angeles,CA,34.0527,-118.197,LOS-4,MAINTENANCE,weimo-av-4.3.0,LiDAR-6 + Camera-32 + Radar-8,28885,2340,4.95,88.3,3,NONE,,2026-04-11,2026-07-28,2025-05-10
WM-119,Jaguar I-PACE Gen2,Seattle,WA,47.5696,-122.3557,SEATTLE-1,ACTIVE,weimo-av-4.3.1,LiDAR-5 + Camera-29 + Radar-6,72866,2747,4.81,97.7,3,NONE,,2026-05-08,2026-08-26,2024-12-07
WM-120,Jaguar I-PACE Gen2,Austin,TX,30.2997,-97.7308,AUSTIN-4,ACTIVE,weimo-av-4.2.1,LiDAR-6 + Camera-32 + Radar-8,82747,2601,4.02,96.8,2,ROUTE_DEVIATION,9,2026-04-25,2026-08-22,2024-03-31
WM-121,Jaguar I-PACE Gen2,San Francisco,CA,37.7288,-122.398,SAN-4,ACTIVE,weimo-av-4.3.1,LiDAR-6 + Camera-32 + Radar-8,52444,2584,4.88,93.8,0,LIDAR_DESYNC,25,2026-03-28,2026-08-23,2024-08-18
WM-122,Jaguar I-PACE Gen2,Seattle,WA,47.6094,-122.3112,SEATTLE-3,ACTIVE,weimo-av-4.3.0,LiDAR-4 + Camera-24 + Radar-4,50987,4114,4.51,93.8,4,LIDAR_DESYNC,50,2026-03-27,2026-07-27,2025-02-13
WM-123,Jaguar I-PACE Gen2,Austin,TX,30.2652,-97.7407,AUSTIN-2,GROUNDED,weimo-av-4.3.1,LiDAR-6 + Camera-32 + Radar-8,22366,2006,4.47,96.3,5,AEB_FALSE_TRIGGER,76,2026-04-14,2026-07-22,2024-03-22
WM-124,Jaguar I-PACE Gen4,Austin,TX,30.2582,-97.7156,AUSTIN-4,ACTIVE,weimo-av-4.2.1,LiDAR-5 + Camera-29 + Radar-6,83047,4183,4.61,89.7,1,PERCEPTION_MISS,2,2026-04-18,2026-07-29,2024-08-21
WM-125,Jaguar I-PACE Gen2,San Francisco,CA,37.8161,-122.4352,SAN-3,INSPECTION,weimo-av-4.3.0,LiDAR-4 + Camera-24 + Radar-4,81516,1631,4.95,99.0,3,NONE,,2026-04-07,2026-08-06,2024-12-19
WM-126,Jaguar I-PACE Gen3,Los Angeles,CA,34.0582,-118.2003,LOS-4,MAINTENANCE,weimo-av-4.3.0,LiDAR-5 + Camera-29 + Radar-6,44569,2585,4.14,91.6,2,ROUTE_DEVIATION,36,2026-03-15,2026-07-15,2025-03-11
WM-127,Jaguar I-PACE Gen4,Los Angeles,CA,34.0678,-118.219,LOS-1,ACTIVE,weimo-av-4.4.0-beta,LiDAR-4 + Camera-24 + Radar-4,59712,3652,4.2,92.0,3,LIDAR_DESYNC,37,2026-06-08,2026-07-25,2025-05-11
WM-128,Jaguar I-PACE Gen4,Phoenix,AZ,33.4084,-112.091,PHOENIX-2,GROUNDED,weimo-av-4.3.1,LiDAR-6 + Camera-32 + Radar-8,25992,747,4.51,95.3,1,PERCEPTION_MISS,31,2026-06-07,2026-09-12,2024-08-20
WM-129,Jaguar I-PACE Gen2,San Francisco,CA,37.757,-122.4048,SAN-2,INSPECTION,weimo-av-4.3.0,LiDAR-5 + Camera-29 + Radar-6,61334,2974,4.88,96.7,2,NONE,,2026-04-13,2026-09-10,2025-09-16
WM-130,Jaguar I-PACE Gen4,Seattle,WA,47.6439,-122.3812,SEATTLE-4,ACTIVE,weimo-av-4.2.1,LiDAR-4 + Camera-24 + Radar-4,30946,2011,4.81,90.1,2,LIDAR_DESYNC,4,2026-02-26,2026-08-08,2024-05-14
WM-131,Jaguar I-PACE Gen3,Seattle,WA,47.5724,-122.3362,SEATTLE-2,ACTIVE,weimo-av-4.4.0-beta,LiDAR-6 + Camera-32 + Radar-8,92058,2525,4.4,97.3,2,LIDAR_DESYNC,64,2026-04-15,2026-07-23,2025-03-28
WM-132,Jaguar I-PACE Gen4,Phoenix,AZ,33.4312,-112.0839,PHOENIX-4,ACTIVE,weimo-av-4.3.1,LiDAR-6 + Camera-32 + Radar-8,82420,3062,4.67,97.5,4,LIDAR_DESYNC,78,2026-02-24,2026-09-08,2025-09-10
WM-133,Jaguar I-PACE Gen3,Phoenix,AZ,33.3995,-112.0586,PHOENIX-3,ACTIVE,weimo-av-4.3.0,LiDAR-6 + Camera-32 + Radar-8,8895,1368,4.24,91.5,4,NONE,,2026-03-09,2026-07-23,2024-01-07
WM-134,Jaguar I-PACE Gen4,Phoenix,AZ,33.4203,-112.1106,PHOENIX-3,ACTIVE,weimo-av-4.4.0-beta,LiDAR-5 + Camera-29 + Radar-6,48213,954,4.27,92.2,1,ROUTE_DEVIATION,88,2026-05-29,2026-09-08,2025-07-13
WM-135,Jaguar I-PACE Gen4,Austin,TX,30.2876,-97.7853,AUSTIN-1,INSPECTION,weimo-av-4.4.0-beta,LiDAR-6 + Camera-32 + Radar-8,79989,4038,4.34,94.0,4,PERCEPTION_MISS,31,2026-03-18,2026-09-03,2024-05-18
WM-136,Jaguar I-PACE Gen4,San Francisco,CA,37.734,-122.4184,SAN-2,ACTIVE,weimo-av-4.3.0,LiDAR-4 + Camera-24 + Radar-4,83065,2498,3.97,96.2,3,COMFORT_COMPLAINT,66,2026-04-18,2026-07-03,2025-10-21
WM-137,Jaguar I-PACE Gen4,Austin,TX,30.2245,-97.7507,AUSTIN-1,ACTIVE,weimo-av-4.4.0-beta,LiDAR-6 + Camera-32 + Radar-8,81912,536,4.44,96.6,4,ROUTE_DEVIATION,2,2026-04-24,2026-07-21,2023-12-30
WM-138,Jaguar I-PACE Gen2,San Francisco,CA,37.7698,-122.3777,SAN-4,MAINTENANCE,weimo-av-4.4.0-beta,LiDAR-5 + Camera-29 + Radar-6,12159,1475,4.27,92.3,3,LIDAR_DESYNC,82,2026-03-12,2026-09-09,2024-11-25
WM-139,Jaguar I-PACE Gen4,Austin,TX,30.3007,-97.7175,AUSTIN-2,ACTIVE,weimo-av-4.3.0,LiDAR-4 + Camera-24 + Radar-4,93660,3823,4.2,96.4,1,LIDAR_DESYNC,68,2026-04-24,2026-08-25,2025-02-14
WM-140,Jaguar I-PACE Gen4,Austin,TX,30.2204,-97.7271,AUSTIN-3,INSPECTION,weimo-av-4.4.0-beta,LiDAR-4 + Camera-24 + Radar-4,77721,1853,4.75,90.2,0,PERCEPTION_MISS,58,2026-04-30,2026-07-08,2024-03-27
WM-141,Jaguar I-PACE Gen2,San Francisco,CA,37.7466,-122.383,SAN-4,ACTIVE,weimo-av-4.2.1,LiDAR-5 + Camera-29 + Radar-6,85849,437,4.31,93.0,4,AEB_FALSE_TRIGGER,31,2026-03-11,2026-06-24,2025-10-20
WM-142,Jaguar I-PACE Gen3,Phoenix,AZ,33.4045,-112.0291,PHOENIX-2,MAINTENANCE,weimo-av-4.3.1,LiDAR-5 + Camera-29 + Radar-6,83690,2749,4.69,92.8,2,COMFORT_COMPLAINT,30,2026-05-06,2026-07-07,2025-06-20
WM-143,Jaguar I-PACE Gen3,Austin,TX,30.2926,-97.7457,AUSTIN-2,MAINTENANCE,weimo-av-4.3.1,LiDAR-5 + Camera-29 + Radar-6,92320,3049,4.24,91.4,1,COMFORT_COMPLAINT,89,2026-04-21,2026-08-10,2025-04-30
WM-144,Jaguar I-PACE Gen4,Los Angeles,CA,34.0352,-118.2858,LOS-4,GROUNDED,weimo-av-4.4.0-beta,LiDAR-5 + Camera-29 + Radar-6,15552,2603,4.27,90.8,2,SOFTWARE_BUG,71,2026-04-07,2026-07-06,2024-09-12
WM-145,Jaguar I-PACE Gen4,Los Angeles,CA,34.0325,-118.2028,LOS-2,ACTIVE,weimo-av-4.3.0,LiDAR-4 + Camera-24 + Radar-4,14755,1399,4.23,93.5,2,AEB_FALSE_TRIGGER,9,2026-05-20,2026-09-02,2025-05-14
WM-146,Jaguar I-PACE Gen2,Phoenix,AZ,33.445,-112.0591,PHOENIX-3,INSPECTION,weimo-av-4.4.0-beta,LiDAR-4 + Camera-24 + Radar-4,39797,3149,4.5,96.9,3,PERCEPTION_MISS,50,2026-02-16,2026-07-19,2025-02-04
WM-147,Jaguar I-PACE Gen4,Los Angeles,CA,34.0068,-118.2073,LOS-2,ACTIVE,weimo-av-4.4.0-beta,LiDAR-6 + Camera-32 + Radar-8,20924,3588,4.93,92.3,3,NONE,,2026-03-08,2026-07-29,2025-07-20
WM-148,Jaguar I-PACE Gen4,San Francisco,CA,37.7506,-122.3872,SAN-4,ACTIVE,weimo-av-4.4.0-beta,LiDAR-4 + Camera-24 + Radar-4,46691,924,4.03,94.3,2,PERCEPTION_MISS,48,2026-04-02,2026-07-20,2024-02-28
WM-149,Jaguar I-PACE Gen2,Austin,TX,30.3117,-97.7263,AUSTIN-1,ACTIVE,weimo-av-4.3.1,LiDAR-4 + Camera-24 + Radar-4,30185,873,4.63,94.0,0,NONE,,2026-05-21,2026-08-27,2025-12-10
WM-150,Jaguar I-PACE Gen4,Austin,TX,30.2179,-97.7379,AUSTIN-4,ACTIVE,weimo-av-4.2.1,LiDAR-5 + Camera-29 + Radar-6,27795,337,4.05,95.6,0,NONE,,2026-04-27,2026-06-26,2025-12-04
WM-151,Jaguar I-PACE Gen4,San Francisco,CA,37.7775,-122.3879,SAN-2,MAINTENANCE,weimo-av-4.3.1,LiDAR-6 + Camera-32 + Radar-8,10246,2357,4.74,90.8,4,SOFTWARE_BUG,22,2026-05-31,2026-07-01,2025-03-18
WM-152,Jaguar I-PACE Gen3,Austin,TX,30.2549,-97.7455,AUSTIN-1,ACTIVE,weimo-av-4.4.0-beta,LiDAR-6 + Camera-32 + Radar-8,82055,1296,4.94,89.1,3,PERCEPTION_MISS,38,2026-03-18,2026-06-29,2024-03-04
WM-153,Jaguar I-PACE Gen2,San Francisco,CA,37.7725,-122.4647,SAN-2,INSPECTION,weimo-av-4.4.0-beta,LiDAR-5 + Camera-29 + Radar-6,64873,2941,4.7,90.4,4,GNSS_DROPOUT,67,2026-02-16,2026-06-24,2025-10-01
WM-154,Jaguar I-PACE Gen4,Los Angeles,CA,34.0184,-118.2697,LOS-4,MAINTENANCE,weimo-av-4.2.1,LiDAR-4 + Camera-24 + Radar-4,31508,4104,4.78,98.7,2,AEB_FALSE_TRIGGER,26,2026-03-30,2026-07-07,2024-11-13
WM-155,Jaguar I-PACE Gen3,Seattle,WA,47.6167,-122.3207,SEATTLE-2,ACTIVE,weimo-av-4.3.0,LiDAR-4 + Camera-24 + Radar-4,18279,2351,4.66,97.6,2,COMFORT_COMPLAINT,6,2026-06-01,2026-08-13,2024-04-16
WM-156,Jaguar I-PACE Gen3,Austin,TX,30.2467,-97.7685,AUSTIN-4,GROUNDED,weimo-av-4.3.1,LiDAR-5 + Camera-29 + Radar-6,67054,2309,4.06,89.0,5,SOFTWARE_BUG,55,2026-05-21,2026-09-01,2025-10-02
WM-157,Jaguar I-PACE Gen2,San Francisco,CA,37.7382,-122.4507,SAN-3,ACTIVE,weimo-av-4.3.0,LiDAR-6 + Camera-32 + Radar-8,59068,1597,4.21,96.8,0,GNSS_DROPOUT,0,2026-05-05,2026-08-14,2024-09-13
WM-158,Jaguar I-PACE Gen4,Seattle,WA,47.595,-122.3736,SEATTLE-4,MAINTENANCE,weimo-av-4.2.1,LiDAR-6 + Camera-32 + Radar-8,11442,667,4.21,88.1,3,GNSS_DROPOUT,76,2026-03-29,2026-07-30,2024-05-23
WM-159,Jaguar I-PACE Gen4,Phoenix,AZ,33.4284,-112.0457,PHOENIX-2,MAINTENANCE,weimo-av-4.4.0-beta,LiDAR-5 + Camera-29 + Radar-6,30216,868,4.11,93.0,3,ROUTE_DEVIATION,63,2026-05-26,2026-06-27,2024-12-12
WM-160,Jaguar I-PACE Gen4,Los Angeles,CA,34.0402,-118.2075,LOS-4,ACTIVE,weimo-av-4.4.0-beta,LiDAR-4 + Camera-24 + Radar-4,85831,2825,4.02,91.8,4,GNSS_DROPOUT,17,2026-05-06,2026-06-19,2024-09-22
WM-161,Jaguar I-PACE Gen4,Los Angeles,CA,34.0757,-118.2304,LOS-4,ACTIVE,weimo-av-4.3.0,LiDAR-4 + Camera-24 + Radar-4,47378,1613,4.49,99.1,2,PERCEPTION_MISS,61,2026-05-04,2026-07-11,2024-05-06
WM-162,Jaguar I-PACE Gen3,Phoenix,AZ,33.4927,-112.103,PHOENIX-1,ACTIVE,weimo-av-4.4.0-beta,LiDAR-6 + Camera-32 + Radar-8,55843,766,4.87,99.0,3,PERCEPTION_MISS,75,2026-04-05,2026-07-12,2025-02-21
WM-163,Jaguar I-PACE Gen3,San Francisco,CA,37.7728,-122.4293,SAN-4,GROUNDED,weimo-av-4.4.0-beta,LiDAR-4 + Camera-24 + Radar-4,26242,2894,4.15,88.9,5,ROUTE_DEVIATION,84,2026-05-25,2026-08-12,2024-07-16
WM-164,Jaguar I-PACE Gen2,Austin,TX,30.3139,-97.7599,AUSTIN-1,MAINTENANCE,weimo-av-4.2.1,LiDAR-6 + Camera-32 + Radar-8,22335,3449,4.09,94.5,3,COMFORT_COMPLAINT,21,2026-03-23,2026-09-05,2024-10-02
WM-165,Jaguar I-PACE Gen2,San Francisco,CA,37.7939,-122.4543,SAN-4,ACTIVE,weimo-av-4.3.0,LiDAR-6 + Camera-32 + Radar-8,74935,3359,4.4,96.9,4,PERCEPTION_MISS,57,2026-04-27,2026-08-08,2025-11-21
WM-166,Jaguar I-PACE Gen3,Austin,TX,30.2655,-97.7455,AUSTIN-4,ACTIVE,weimo-av-4.2.1,LiDAR-6 + Camera-32 + Radar-8,23213,3705,4.88,97.0,4,LIDAR_DESYNC,44,2026-05-05,2026-08-01,2024-09-24
WM-167,Jaguar I-PACE Gen2,Austin,TX,30.2332,-97.7371,AUSTIN-2,ACTIVE,weimo-av-4.2.1,LiDAR-6 + Camera-32 + Radar-8,23084,392,4.78,93.9,4,GNSS_DROPOUT,86,2026-03-03,2026-07-10,2024-08-30
WM-168,Jaguar I-PACE Gen3,Phoenix,AZ,33.4373,-112.0535,PHOENIX-2,GROUNDED,weimo-av-4.3.0,LiDAR-4 + Camera-24 + Radar-4,32430,2923,4.56,93.2,4,SOFTWARE_BUG,3,2026-03-11,2026-09-05,2025-05-20
WM-169,Jaguar I-PACE Gen4,Los Angeles,CA,34.0335,-118.2548,LOS-4,GROUNDED,weimo-av-4.2.1,LiDAR-5 + Camera-29 + Radar-6,78371,1065,4.22,94.1,6,PERCEPTION_MISS,58,2026-05-30,2026-07-22,2024-11-10
WM-170,Jaguar I-PACE Gen3,Seattle,WA,47.5867,-122.3638,SEATTLE-2,ACTIVE,weimo-av-4.4.0-beta,LiDAR-6 + Camera-32 + Radar-8,88918,1006,4.74,91.6,1,ROUTE_DEVIATION,78,2026-03-30,2026-06-29,2024-01-06
WM-171,Jaguar I-PACE Gen3,Phoenix,AZ,33.4273,-112.1053,PHOENIX-2,MAINTENANCE,weimo-av-4.3.0,LiDAR-6 + Camera-32 + Radar-8,83340,1871,4.29,94.4,3,NONE,,2026-03-24,2026-08-26,2024-09-11
WM-172,Jaguar I-PACE Gen3,Seattle,WA,47.6051,-122.3738,SEATTLE-4,ACTIVE,weimo-av-4.4.0-beta,LiDAR-5 + Camera-29 + Radar-6,25895,1099,4.74,96.2,3,NONE,,2026-04-22,2026-08-20,2025-11-15
WM-173,Jaguar I-PACE Gen2,Phoenix,AZ,33.4759,-112.0417,PHOENIX-1,ACTIVE,weimo-av-4.3.0,LiDAR-6 + Camera-32 + Radar-8,78465,1482,3.99,94.6,2,NONE,,2026-04-02,2026-08-21,2024-12-06
WM-174,Jaguar I-PACE Gen2,Seattle,WA,47.6012,-122.3472,SEATTLE-3,GROUNDED,weimo-av-4.4.0-beta,LiDAR-4 + Camera-24 + Radar-4,79611,1195,4.94,98.1,1,GNSS_DROPOUT,83,2026-03-09,2026-07-20,2025-09-18
WM-175,Jaguar I-PACE Gen2,Austin,TX,30.2742,-97.7399,AUSTIN-2,GROUNDED,weimo-av-4.3.0,LiDAR-5 + Camera-29 + Radar-6,85060,3122,4.2,97.4,1,SOFTWARE_BUG,21,2026-03-27,2026-07-06,2024-04-14
WM-176,Jaguar I-PACE Gen3,Seattle,WA,47.6263,-122.3688,SEATTLE-1,ACTIVE,weimo-av-4.3.1,LiDAR-4 + Camera-24 + Radar-4,45923,2645,4.11,99.4,1,GNSS_DROPOUT,17,2026-03-09,2026-08-10,2025-07-20
WM-177,Jaguar I-PACE Gen2,Los Angeles,CA,34.0425,-118.2187,LOS-4,GROUNDED,weimo-av-4.4.0-beta,LiDAR-4 + Camera-24 + Radar-4,72154,882,4.46,88.9,1,ROUTE_DEVIATION,80,2026-04-21,2026-08-06,2024-01-05
WM-178,Jaguar I-PACE Gen3,Los Angeles,CA,34.0847,-118.2442,LOS-4,ACTIVE,weimo-av-4.2.1,LiDAR-6 + Camera-32 + Radar-8,20208,3293,4.92,90.5,3,COMFORT_COMPLAINT,8,2026-03-04,2026-08-26,2025-01-20
WM-179,Jaguar I-PACE Gen4,Los Angeles,CA,34.0038,-118.2008,LOS-1,ACTIVE,weimo-av-4.3.0,LiDAR-4 + Camera-24 + Radar-4,82205,3791,4.36,89.1,3,COMFORT_COMPLAINT,87,2026-03-08,2026-06-25,2025-07-08
WM-180,Jaguar I-PACE Gen2,Austin,TX,30.2837,-97.7282,AUSTIN-3,ACTIVE,weimo-av-4.3.0,LiDAR-6 + Camera-32 + Radar-8,25290,3913,4.55,90.9,2,LIDAR_DESYNC,35,2026-06-02,2026-09-10,2025-10-24
WM-181,Jaguar I-PACE Gen3,Austin,TX,30.2691,-97.7486,AUSTIN-1,INSPECTION,weimo-av-4.3.0,LiDAR-4 + Camera-24 + Radar-4,64260,2984,3.9,89.5,1,GNSS_DROPOUT,0,2026-05-17,2026-08-19,2025-12-08
WM-182,Jaguar I-PACE Gen2,Los Angeles,CA,34.0405,-118.2124,LOS-3,GROUNDED,weimo-av-4.3.0,LiDAR-6 + Camera-32 + Radar-8,70613,590,4.06,98.1,2,GNSS_DROPOUT,13,2026-05-31,2026-07-29,2025-08-02
WM-183,Jaguar I-PACE Gen4,Phoenix,AZ,33.4844,-112.1153,PHOENIX-4,ACTIVE,weimo-av-4.2.1,LiDAR-4 + Camera-24 + Radar-4,87995,2962,3.99,95.1,3,COMFORT_COMPLAINT,27,2026-03-25,2026-07-08,2025-09-05
WM-184,Jaguar I-PACE Gen2,Phoenix,AZ,33.4584,-112.0632,PHOENIX-1,GROUNDED,weimo-av-4.4.0-beta,LiDAR-4 + Camera-24 + Radar-4,54076,2058,4.16,90.9,5,LIDAR_DESYNC,31,2026-05-09,2026-09-09,2024-01-09
WM-185,Jaguar I-PACE Gen4,San Francisco,CA,37.749,-122.4056,SAN-2,GROUNDED,weimo-av-4.3.0,LiDAR-6 + Camera-32 + Radar-8,75862,2785,4.39,93.7,1,SOFTWARE_BUG,37,2026-03-23,2026-06-25,2025-10-05
WM-186,Jaguar I-PACE Gen3,Seattle,WA,47.5579,-122.3753,SEATTLE-4,ACTIVE,weimo-av-4.3.0,LiDAR-6 + Camera-32 + Radar-8,58703,3825,4.76,99.0,0,SOFTWARE_BUG,46,2026-04-05,2026-07-11,2025-03-23
WM-187,Jaguar I-PACE Gen2,Phoenix,AZ,33.46,-112.0963,PHOENIX-1,ACTIVE,weimo-av-4.3.1,LiDAR-6 + Camera-32 + Radar-8,90388,3218,4.38,95.4,4,SOFTWARE_BUG,54,2026-03-16,2026-08-09,2025-02-02
WM-188,Jaguar I-PACE Gen2,San Francisco,CA,37.8174,-122.4578,SAN-2,MAINTENANCE,weimo-av-4.3.1,LiDAR-5 + Camera-29 + Radar-6,59213,2702,4.53,88.7,0,GNSS_DROPOUT,39,2026-03-16,2026-08-13,2024-03-30
WM-189,Jaguar I-PACE Gen3,Seattle,WA,47.6312,-122.2948,SEATTLE-3,ACTIVE,weimo-av-4.3.0,LiDAR-4 + Camera-24 + Radar-4,23655,351,4.61,89.9,1,AEB_FALSE_TRIGGER,20,2026-04-11,2026-08-02,2025-08-18
WM-190,Jaguar I-PACE Gen3,San Francisco,CA,37.7416,-122.4537,SAN-3,ACTIVE,weimo-av-4.2.1,LiDAR-6 + Camera-32 + Radar-8,42465,3217,4.92,88.6,4,GNSS_DROPOUT,63,2026-04-16,2026-08-23,2025-09-02
WM-191,Jaguar I-PACE Gen4,Seattle,WA,47.5741,-122.2861,SEATTLE-3,INSPECTION,weimo-av-4.3.0,LiDAR-5 + Camera-29 + Radar-6,74692,310,3.85,92.4,1,AEB_FALSE_TRIGGER,31,2026-06-08,2026-08-18,2025-11-10
WM-192,Jaguar I-PACE Gen4,Seattle,WA,47.6464,-122.3642,SEATTLE-3,GROUNDED,weimo-av-4.4.0-beta,LiDAR-4 + Camera-24 + Radar-4,37427,1618,4.09,89.4,6,COMFORT_COMPLAINT,34,2026-02-28,2026-06-28,2024-07-06
WM-193,Jaguar I-PACE Gen2,San Francisco,CA,37.7989,-122.4451,SAN-2,ACTIVE,weimo-av-4.3.1,LiDAR-6 + Camera-32 + Radar-8,48723,1640,3.9,91.4,2,NONE,,2026-06-12,2026-08-05,2024-12-04
WM-194,Jaguar I-PACE Gen2,Seattle,WA,47.6321,-122.3445,SEATTLE-1,ACTIVE,weimo-av-4.3.0,LiDAR-4 + Camera-24 + Radar-4,27735,326,4.87,98.9,0,AEB_FALSE_TRIGGER,29,2026-04-05,2026-08-02,2025-02-05
WM-195,Jaguar I-PACE Gen4,San Francisco,CA,37.7662,-122.3798,SAN-2,ACTIVE,weimo-av-4.4.0-beta,LiDAR-5 + Camera-29 + Radar-6,72491,545,4.92,98.3,4,LIDAR_DESYNC,35,2026-06-02,2026-06-24,2024-09-03
WM-196,Jaguar I-PACE Gen2,San Francisco,CA,37.8175,-122.4301,SAN-2,MAINTENANCE,weimo-av-4.3.0,LiDAR-4 + Camera-24 + Radar-4,91521,3658,4.25,91.4,2,AEB_FALSE_TRIGGER,55,2026-03-21,2026-07-05,2025-01-16
WM-197,Jaguar I-PACE Gen3,Los Angeles,CA,34.0143,-118.2579,LOS-4,ACTIVE,weimo-av-4.2.1,LiDAR-5 + Camera-29 + Radar-6,34569,857,4.7,93.4,3,GNSS_DROPOUT,19,2026-05-31,2026-07-10,2025-05-18
WM-198,Jaguar I-PACE Gen3,Austin,TX,30.232,-97.722,AUSTIN-1,ACTIVE,weimo-av-4.2.1,LiDAR-6 + Camera-32 + Radar-8,19851,945,4.73,90.5,2,ROUTE_DEVIATION,90,2026-03-16,2026-09-04,2024-12-17
WM-199,Jaguar I-PACE Gen2,Austin,TX,30.2976,-97.7791,AUSTIN-2,MAINTENANCE,weimo-av-4.3.1,LiDAR-4 + Camera-24 + Radar-4,42100,3659,4.94,89.1,0,AEB_FALSE_TRIGGER,51,2026-02-24,2026-08-15,2025-12-04
WM-200,Jaguar I-PACE Gen2,San Francisco,CA,37.7447,-122.4048,SAN-1,GROUNDED,weimo-av-4.3.0,LiDAR-5 + Camera-29 + Radar-6,60505,1824,4.59,88.3,1,GNSS_DROPOUT,74,2026-03-30,2026-07-22,2025-08-07
